{
  "audio_path": "/tmp/test_10s.wav",
  "audio_duration_sec": 10.0,
  "model": "/Users/dmoon/.cache/mlx-qwen3-asr/quant-matrix/4bit-g64",
  "dtype": "float16",
  "runs": 7,
  "warmup_runs": 1,
  "latency_sec": {
    "mean": 0.22301747042885317,
    "median": 0.22656679200008512,
    "min": 0.18207033300132025,
    "max": 0.25344741699518636,
    "std": 0.020181534232236967
  },
  "rtf": 0.022301747042885317,
  "transcript_preview": "The quick brown fox jumps over the lazy dog. The quick brown fox jumps over the lazy dog. The"
}