{
  "audio_path": "/tmp/test_10s.wav",
  "audio_duration_sec": 10.0,
  "model": "Qwen/Qwen3-ASR-0.6B",
  "dtype": "float16",
  "runs": 7,
  "warmup_runs": 1,
  "latency_sec": {
    "mean": 0.9355496611429511,
    "median": 0.9073099589877529,
    "min": 0.8974967920075869,
    "max": 1.0860921670100652,
    "std": 0.06252053495903619
  },
  "rtf": 0.09355496611429512,
  "transcript_preview": "The quick brown fox jumps over the lazy dog. The quick brown fox jumps over the lazy dog. The"
}