{
  "suite": "tokenizer-local-path-benchmark-v1",
  "audio": "tests/fixtures/test_speech.wav",
  "model": "Qwen/Qwen3-ASR-0.6B",
  "dtype": "float16",
  "runs_per_mode": 5,
  "repo_id_tokenizer_path": {
    "runs": [
      2.698410832992522,
      2.5934182499768212,
      2.5881288329837844,
      2.7317859579925425,
      2.6382571249851026
    ],
    "mean": 2.6500001997861546,
    "median": 2.6382571249851026,
    "min": 2.5881288329837844,
    "max": 2.7317859579925425
  },
  "resolved_local_tokenizer_path": {
    "runs": [
      2.286935457988875,
      2.3194717909791507,
      2.2783434170123655,
      2.2948763339954894,
      2.2996110829990357
    ],
    "mean": 2.2958476165949833,
    "median": 2.2948763339954894,
    "min": 2.2783434170123655,
    "max": 2.3194717909791507
  },
  "speedup_repo_id_over_resolved": 1.1542578787160196
}