{
  "audio_path": "tests/fixtures/test_speech.wav",
  "audio_duration_sec": 2.53325,
  "model": "Qwen/Qwen3-ASR-0.6B",
  "dtype": "float16",
  "runs": 7,
  "warmup_runs": 1,
  "latency_sec": {
    "mean": 0.5040689639988288,
    "median": 0.512772166999639,
    "min": 0.45006195799214765,
    "max": 0.5254255409963662,
    "std": 0.024138959096266885
  },
  "rtf": 0.1989811364842905,
  "transcript_preview": "The quick brown fox jumps over the lazy dog."
}